{
  "editor": {
    "allAngles": false,
    "singleTexture": false
  },
  "textureWidth": 64,
  "textureHeight": 64,
  "textures": {
    "ewe": "game:entity/sheep/sheep-bighorn-female"
  },
  "elements": [
    {
      "name": "Body",
      "from": [
        0,
        0,
        3
      ],
      "to": [
        17,
        9,
        13
      ],
      "rotationOrigin": [
        9,
        14,
        8
      ],
      "faces": {
        "north": {
          "texture": "#ewe",
          "uv": [
            0,
            9,
            9,
            26
          ],
          "rotation": 270
        },
        "east": {
          "texture": "#ewe",
          "uv": [
            9,
            0,
            19,
            9
          ],
          "rotation": 180
        },
        "south": {
          "texture": "#ewe",
          "uv": [
            19,
            9,
            28,
            26
          ],
          "rotation": 90
        },
        "west": {
          "texture": "#ewe",
          "uv": [
            9,
            26,
            19,
            35
          ]
        },
        "up": {
          "texture": "#ewe",
          "uv": [
            9,
            9,
            19,
            26
          ],
          "rotation": 90
        },
        "down": {
          "texture": "#ewe",
          "uv": [
            28,
            9,
            38,
            26
          ],
          "rotation": 270
        }
      },
      "children": [
        {
          "name": "neck",
          "from": [
            -4.3,
            -0.1,
            2.5
          ],
          "to": [
            4.7,
            4.9,
            7.5
          ],
          "rotationOrigin": [
            3.7,
            3.9,
            5
          ],
          "rotationZ": -69,
          "faces": {
            "north": {
              "texture": "#ewe",
              "uv": [
                54,
                6,
                59,
                15
              ],
              "rotation": 90
            },
            "east": {
              "texture": "#ewe",
              "uv": [
                49,
                15,
                54,
                20
              ],
              "rotation": 180,
              "enabled": false
            },
            "south": {
              "texture": "#ewe",
              "uv": [
                44,
                6,
                49,
                15
              ],
              "rotation": 270
            },
            "west": {
              "texture": "#ewe",
              "uv": [
                49,
                1,
                54,
                6
              ]
            },
            "up": {
              "texture": "#ewe",
              "uv": [
                59,
                6,
                64,
                15
              ],
              "rotation": 90
            },
            "down": {
              "texture": "#ewe",
              "uv": [
                49,
                6,
                54,
                15
              ],
              "rotation": 90
            }
          }
        },
        {
          "name": "tail",
          "from": [
            16.1,
            6.5,
            4
          ],
          "to": [
            19.1,
            8.5,
            6
          ],
          "rotationOrigin": [
            16.1,
            7.5,
            5
          ],
          "rotationZ": -50,
          "faces": {
            "north": {
              "texture": "#ewe",
              "uv": [
                0,
                3,
                2,
                6
              ],
              "rotation": 270
            },
            "east": {
              "texture": "#ewe",
              "uv": [
                2,
                1,
                4,
                3
              ],
              "rotation": 180
            },
            "south": {
              "texture": "#ewe",
              "uv": [
                4,
                3,
                6,
                6
              ],
              "rotation": 90
            },
            "west": {
              "texture": "#ewe",
              "uv": [
                2,
                6,
                4,
                8
              ],
              "enabled": false
            },
            "up": {
              "texture": "#ewe",
              "uv": [
                2,
                3,
                4,
                6
              ],
              "rotation": 90
            },
            "down": {
              "texture": "#ewe",
              "uv": [
                6,
                3,
                8,
                6
              ],
              "rotation": 270
            }
          }
        }
      ]
    }
  ]
}