{
	code: "advbow",
	variantgroups: [
		{ code: "type", states: ["carved","composite","recurve"  ] },
	],
	class: "ItemBow",
	maxstacksize: 1,
	durability: 100,
	textures: {
		"item/empty": { base: "item/tool/bow/{type}/bow" },
		"item/draw1": { base: "item/tool/bow/{type}/bowcharge1" },
		"item/draw2": { base: "item/tool/bow/{type}/bowcharge2" },
		"item/draw3": { base: "item/tool/bow/{type}/bowcharge3" } 
	},
	shape: {
		base: "item/empty",
		voxelizeTexture: true,
		alternates: [
			{ base: "item/draw1", voxelizeTexture: true },
			{ base: "item/draw2", voxelizeTexture: true },
			{ base: "item/draw3", voxelizeTexture: true }
		]
	},
	tool: "bow",
	creativeinventory: { "general": ["*"], "items": ["*"] },
	attributesByType: {
		"advbow-carved": {
			damage: 5
		},
		"advbow-composite": {
			damage: 7
		},
		"advbow-recurve": {
			damage: 9
		}
	},
	fpHandTransform: {
		translation: { x: 0.046875, y: 0.1, z: 0 },
		rotation: { x: 171, y: 98, z: -27 },
		scale: 1.1
	},
	tpHandTransform: {
		translation: { x: -0.8, y: -0.45, z: -0.67 },
		rotation: { x: 27, y: 7, z: 25 },
		scale: 0.65
	}
}