{
	code: "carcass",
	maxStackSize: 1,
	resistance: 100,
	class: "BlockUnstable",
	creativeinventory: { "general": ["*"], "decorative": ["*"] },
	variantgroups: [
		{ code: "type", states: ["ewe","ram","pig","wolf" ] }
	],
	shapeByType: {
		"*": {
			base: "block/carcass/carcass-{type}",
			alternates: [
				{ base: "block/carcass/carcass-{type}", rotateY: 45 },
				{ base: "block/carcass/carcass-{type}", rotateY: 90 },
				{ base: "block/carcass/carcass-{type}", rotateY: 135 },
				{ base: "block/carcass/carcass-{type}", rotateY: 180 },
				{ base: "block/carcass/carcass-{type}", rotateY: 225 },		
				{ base: "block/carcass/carcass-{type}", rotateY: 270 },
				{ base: "block/carcass/carcass-{type}", rotateY: 45 },
				{ base: "block/carcass/carcass-{type}", rotateY: 90 },
				{ base: "block/carcass/carcass-{type}", rotateY: 135 },
				{ base: "block/carcass/carcass-{type}", rotateY: 180 },
				{ base: "block/carcass/carcass-{type}", rotateY: 225 },		
				{ base: "block/carcass/carcass-{type}", rotateY: 270 }
			]
		}
	},
	randomDrawOffset: true,
	lightAbsorption: 0,
	resistance: 0.15,
	sidesolid: { all: false },
	sideopaque: { all: false },
	selectionbox: { x1: 0, y1: 0, z1: 0, x2: 1, y2: 0.4, z2: 1 },	
	collisionbox: null,
	materialDensity: 3000,
	guiTransform: {
		rotation: { x: -22.5937, y: 132, z: 0 },
		origin: { x: 0.5, y: 0.22, z: 0.5 },
		scale: 1.22
	},
	fpHandTransform: {
		rotation: { x: 0, y: -24, z: 0 }
	},
	tpHandTransform: {
		translation: { x: -1.3, y: -0.7, z: -0.8 },
		rotation: { x: 2, y: 31, z: -25 },
		scale: 0.6
	},
	DropsByType: {
	"carcass-ewe": [		
			{
				type: "item", 
				code: "game:meat-raw", 
				quantity: { avg: 6.5, var: 1.5 } ,
				tool:"knife"
			},
			{
				type: "item", 
				code: "game:hide-raw", 
				quantity: { avg: 1.25, var: 0 } ,
				tool:"knife"
			},
			{
				type: "item", 
				code: "game:fat", 
				quantity: { avg: 0.8, var: 0.3 } ,
				tool:"knife"
			},
			{
				type: "item", 
				code: "sinew-tendon", 
				quantity: { avg: 1, var: 1 } ,
				tool:"knife"
			},
			{
				type: "item", 
				code: "sinew-bone", 
				quantity: { avg: 2, var: 1 } ,
				tool:"knife"
			},
			{
				type: "item", 
				code: "game:meat-raw", 
				quantity: { avg: 1, var: 1.5 } ,
				tool:"axe"
			},
			{
				type: "item", 
				code: "game:meat-raw", 
				quantity: { avg: 1, var: 1.5 } ,
				tool:"sword"
			},
			{
				type: "item", 
				code: "game:fat", 
				quantity: { avg: 0.3, var: 0.3 } ,
				tool:"axe"
			}
		],
		"carcass-ram": [		
			{
				type: "item", 
				code: "sinew-horn", 
				quantity: { avg: 1, var: 0.3} ,
				tool:"knife"
			},			{
				type: "item", 
				code: "game:meat-raw", 
				quantity: { avg: 6.5, var: 1.5 } ,
				tool:"knife"
			},
			{
				type: "item", 
				code: "game:hide-raw", 
				quantity: { avg: 1.25, var: 0 } ,
				tool:"knife"
			},
			{
				type: "item", 
				code: "game:fat", 
				quantity: { avg: 0.8, var: 0.3 } ,
				tool:"knife"
			},
			{
				type: "item", 
				code: "sinew-tendon", 
				quantity: { avg: 2, var: 1 } ,
				tool:"knife"
			},
			{
				type: "item", 
				code: "sinew-bone", 
				quantity: { avg: 3, var: 1 } ,
				tool:"knife"
			},
			{
				type: "item", 
				code: "game:meat-raw", 
				quantity: { avg: 1, var: 1.5 } ,
				tool:"axe"
			},
			{
				type: "item", 
				code: "game:meat-raw", 
				quantity: { avg: 1, var: 1.5 } ,
				tool:"sword"
			},
			{
				type: "item", 
				code: "game:fat", 
				quantity: { avg: 0.3, var: 0.3 } ,
				tool:"axe"
			}
		],
		
	"carcass-wolf": [		
			{
				type: "item", 
				code: "game:meat-raw", 
				quantity: { avg: 4.5, var: 1.5 } ,
				tool:"knife"
			},
			{
				type: "item", 
				code: "game:hide-raw", 
				quantity: { avg: 1.25, var: 0 } ,
				tool:"knife"
			},
			{
				type: "item", 
				code: "game:fat", 
				quantity: { avg: 0.75, var: 0 } ,
				tool:"knife"
			},
			{
				type: "item", 
				code: "sinew-tendon", 
				quantity: { avg: 4, var: 1 } ,
				tool:"knife"
			},
			{
				type: "item", 
				code: "sinew-bone", 
				quantity: { avg: 3, var: 1 } ,
				tool:"knife"
			},
			{
				type: "item", 
				code: "game:meat-raw", 
				quantity: { avg: 1, var: 1.5 } ,
				tool:"axe"
			},
			{
				type: "item", 
				code: "game:meat-raw", 
				quantity: { avg: 1, var: 1.5 } ,
				tool:"sword"
			},
			{
				type: "item", 
				code: "game:fat", 
				quantity: { avg: 0.3, var: 0.3 } ,
				tool:"axe"
			}
		],
			
	"carcass-pig": [		
			{
				type: "item", 
				code: "game:meat-raw", 
				quantity: { avg: 4.5, var: 1.5 } ,
				tool:"knife"
			},
			{
				type: "item", 
				code: "game:hide-raw", 
				quantity: { avg: 1.25, var: 0 } ,
				tool:"knife"
			},
			{
				type: "item", 
				code: "game:fat", 
				quantity: { avg: 1.5, var: 0 } ,
				tool:"knife"
			},
			{
				type: "item", 
				code: "sinew-tendon", 
				quantity: { avg: 1, var: 1 } ,
				tool:"knife"
			},
			{
				type: "item", 
				code: "sinew-bone", 
				quantity: { avg: 1, var: 1 } ,
				tool:"knife"
			},
			{
				type: "item", 
				code: "game:meat-raw", 
				quantity: { avg: 1, var: 1.5 } ,
				tool:"axe"
			},
			{
				type: "item", 
				code: "game:meat-raw", 
				quantity: { avg: 1, var: 1.5 } ,
				tool:"sword"
			},
			{
				type: "item", 
				code: "game:fat", 
				quantity: { avg: 0.3, var: 0.3 } ,
				tool:"axe"
			}
		]
		
	}
}